<domain type="kvm">
  <name>win10</name>
  <uuid>a8019fe2-d340-4f1e-8fab-7f2faf8005ce</uuid>
  <metadata>
    <libosinfo:libosinfo xmlns:libosinfo="http://libosinfo.org/xmlns/libvirt/domain/1.0">
      <libosinfo:os id="http://microsoft.com/win/10"/>
    </libosinfo:libosinfo>
  </metadata>
  <memory unit="KiB">16777216</memory>
  <currentMemory unit="KiB">16777216</currentMemory>
  <memoryBacking>
    <hugepages/>
  </memoryBacking>
  <vcpu placement="static">12</vcpu>
  <iothreads>1</iothreads>
  <cputune>
    <vcpupin vcpu="0" cpuset="6"/>
    <vcpupin vcpu="1" cpuset="18"/>
    <vcpupin vcpu="2" cpuset="7"/>
    <vcpupin vcpu="3" cpuset="19"/>
    <vcpupin vcpu="4" cpuset="8"/>
    <vcpupin vcpu="5" cpuset="20"/>
    <vcpupin vcpu="6" cpuset="9"/>
    <vcpupin vcpu="7" cpuset="21"/>
    <vcpupin vcpu="8" cpuset="10"/>
    <vcpupin vcpu="9" cpuset="22"/>
    <vcpupin vcpu="10" cpuset="11"/>
    <vcpupin vcpu="11" cpuset="23"/>
    <emulatorpin cpuset="0-3"/>
    <iothreadpin iothread="1" cpuset="4-5,12-17"/>
  </cputune>
  <os>
    <type arch="x86_64" machine="pc-q35-4.0">hvm</type>
    <loader readonly="yes" type="pflash">/usr/share/OVMF/OVMF_CODE.fd</loader>
    <nvram>/var/lib/libvirt/qemu/nvram/win10_VARS.fd</nvram>
    <bootmenu enable="yes"/>
  </os>
  <features>
    <acpi/>
    <apic/>
    <hyperv>
      <relaxed state="on"/>
      <vapic state="on"/>
      <spinlocks state="on" retries="8191"/>
      <vpindex state="on"/>
      <synic state="on"/>
      <stimer state="on"/>
      <reset state="on"/>
      <vendor_id state="on" value="kvm hyperv"/>
      <frequencies state="on"/>
    </hyperv>
    <kvm>
      <hidden state="on"/>
    </kvm>
    <vmport state="off"/>
    <ioapic driver="kvm"/>
  </features>
  <cpu mode="host-passthrough" check="none">
    <topology sockets="1" cores="6" threads="2"/>
    <cache mode="passthrough"/>
    <feature policy="require" name="topoext"/>
  </cpu>
  <clock offset="localtime">
    <timer name="rtc" tickpolicy="catchup"/>
    <timer name="pit" tickpolicy="delay"/>
    <timer name="hpet" present="no"/>
    <timer name="hypervclock" present="yes"/>
  </clock>
  <on_poweroff>destroy</on_poweroff>
  <on_reboot>restart</on_reboot>
  <on_crash>destroy</on_crash>
  <pm>
    <suspend-to-mem enabled="no"/>
    <suspend-to-disk enabled="no"/>
  </pm>
  <devices>
    <emulator>/usr/bin/qemu-system-x86_64</emulator>
    <disk type="file" device="cdrom">
      <driver name="qemu" type="raw"/>
      <source file="/home/bsteiner/.iso/Win10_1909_English_x64.iso"/>
      <target dev="sda" bus="sata"/>
      <readonly/>
      <boot order="2"/>
      <address type="drive" controller="0" bus="0" target="0" unit="0"/>
    </disk>
    <disk type="file" device="cdrom">
      <driver name="qemu" type="raw"/>
      <source file="/home/bsteiner/.iso/virtio-win-0.1.171.iso"/>
      <target dev="sdb" bus="sata"/>
      <readonly/>
      <boot order="3"/>
      <address type="drive" controller="0" bus="0" target="0" unit="1"/>
    </disk>
    <controller type="usb" index="0" model="qemu-xhci" ports="15">
      <address type="pci" domain="0x0000" bus="0x02" slot="0x00" function="0x0"/>
    </controller>
    <controller type="sata" index="0">
      <address type="pci" domain="0x0000" bus="0x00" slot="0x1f" function="0x2"/>
    </controller>
    <controller type="pci" index="0" model="pcie-root"/>
    <controller type="pci" index="1" model="pcie-root-port">
      <model name="pcie-root-port"/>
      <target chassis="1" port="0x8"/>
      <address type="pci" domain="0x0000" bus="0x00" slot="0x01" function="0x0" multifunction="on"/>
    </controller>
    <controller type="pci" index="2" model="pcie-root-port">
      <model name="pcie-root-port"/>
      <target chassis="2" port="0x9"/>
      <address type="pci" domain="0x0000" bus="0x00" slot="0x01" function="0x1"/>
    </controller>
    <controller type="pci" index="3" model="pcie-root-port">
      <model name="pcie-root-port"/>
      <target chassis="3" port="0xa"/>
      <address type="pci" domain="0x0000" bus="0x00" slot="0x01" function="0x2"/>
    </controller>
    <controller type="pci" index="4" model="pcie-root-port">
      <model name="pcie-root-port"/>
      <target chassis="4" port="0xb"/>
      <address type="pci" domain="0x0000" bus="0x00" slot="0x01" function="0x3"/>
    </controller>
    <controller type="pci" index="5" model="pcie-root-port">
      <model name="pcie-root-port"/>
      <target chassis="5" port="0xc"/>
      <address type="pci" domain="0x0000" bus="0x00" slot="0x01" function="0x4"/>
    </controller>
    <controller type="pci" index="6" model="pcie-root-port">
      <model name="pcie-root-port"/>
      <target chassis="6" port="0xd"/>
      <address type="pci" domain="0x0000" bus="0x00" slot="0x01" function="0x5"/>
    </controller>
    <controller type="pci" index="7" model="pcie-root-port">
      <model name="pcie-root-port"/>
      <target chassis="7" port="0xe"/>
      <address type="pci" domain="0x0000" bus="0x00" slot="0x01" function="0x6"/>
    </controller>
    <controller type="pci" index="8" model="pcie-root-port">
      <model name="pcie-root-port"/>
      <target chassis="8" port="0xf"/>
      <address type="pci" domain="0x0000" bus="0x00" slot="0x01" function="0x7"/>
    </controller>
    <controller type="pci" index="9" model="pcie-root-port">
      <model name="pcie-root-port"/>
      <target chassis="9" port="0x10"/>
      <address type="pci" domain="0x0000" bus="0x00" slot="0x02" function="0x0" multifunction="on"/>
    </controller>
    <controller type="pci" index="10" model="pcie-root-port">
      <model name="pcie-root-port"/>
      <target chassis="10" port="0x11"/>
      <address type="pci" domain="0x0000" bus="0x00" slot="0x02" function="0x1"/>
    </controller>
    <controller type="pci" index="11" model="pcie-root-port">
      <model name="pcie-root-port"/>
      <target chassis="11" port="0x12"/>
      <address type="pci" domain="0x0000" bus="0x00" slot="0x02" function="0x2"/>
    </controller>
    <controller type="pci" index="12" model="pcie-root-port">
      <model name="pcie-root-port"/>
      <target chassis="12" port="0x13"/>
      <address type="pci" domain="0x0000" bus="0x00" slot="0x02" function="0x3"/>
    </controller>
    <interface type="network">
      <mac address="52:54:00:73:81:6d"/>
      <source network="default"/>
      <model type="virtio"/>
      <address type="pci" domain="0x0000" bus="0x01" slot="0x00" function="0x0"/>
    </interface>
    <input type="mouse" bus="ps2"/>
    <input type="keyboard" bus="ps2"/>
    <hostdev mode="subsystem" type="pci" managed="yes">
      <source>
        <address domain="0x0000" bus="0x04" slot="0x00" function="0x0"/>
      </source>
      <boot order="1"/>
      <address type="pci" domain="0x0000" bus="0x07" slot="0x00" function="0x0"/>
    </hostdev>
    <hostdev mode="subsystem" type="pci" managed="yes">
      <source>
        <address domain="0x0000" bus="0x07" slot="0x00" function="0x0"/>
      </source>
      <address type="pci" domain="0x0000" bus="0x0a" slot="0x00" function="0x0"/>
    </hostdev>
    <hostdev mode="subsystem" type="pci" managed="yes">
      <source>
        <address domain="0x0000" bus="0x07" slot="0x00" function="0x1"/>
      </source>
      <address type="pci" domain="0x0000" bus="0x0b" slot="0x00" function="0x0"/>
    </hostdev>
    <hostdev mode="subsystem" type="pci" managed="yes">
      <source>
        <address domain="0x0000" bus="0x07" slot="0x00" function="0x3"/>
      </source>
      <address type="pci" domain="0x0000" bus="0x0c" slot="0x00" function="0x0"/>
    </hostdev>
    <hostdev mode="subsystem" type="pci" managed="yes">
      <source>
        <address domain="0x0000" bus="0x0d" slot="0x00" function="0x0"/>
      </source>
      <address type="pci" domain="0x0000" bus="0x03" slot="0x00" function="0x0"/>
    </hostdev>
    <hostdev mode="subsystem" type="pci" managed="yes">
      <source>
        <address domain="0x0000" bus="0x0d" slot="0x00" function="0x1"/>
      </source>
      <address type="pci" domain="0x0000" bus="0x04" slot="0x00" function="0x0"/>
    </hostdev>
    <hostdev mode="subsystem" type="pci" managed="yes">
      <source>
        <address domain="0x0000" bus="0x0d" slot="0x00" function="0x2"/>
      </source>
      <address type="pci" domain="0x0000" bus="0x05" slot="0x00" function="0x0"/>
    </hostdev>
    <hostdev mode="subsystem" type="pci" managed="yes">
      <source>
        <address domain="0x0000" bus="0x0d" slot="0x00" function="0x3"/>
      </source>
      <address type="pci" domain="0x0000" bus="0x06" slot="0x00" function="0x0"/>
    </hostdev>
    <memballoon model="virtio">
      <address type="pci" domain="0x0000" bus="0x08" slot="0x00" function="0x0"/>
    </memballoon>
  </devices>
</domain>
